date,room,time,proj_name_th,proj_name_en,proj_major,proj_advisor,proj_co_advisor,teacher_group,teacher1,teacher2,teacher3,teacher4
14/12/2017,M03,09.00-09.40,โปรแกรมตรวจจับวัตถุและข้อความบนป้านโฆษณา,Text and Objects Detection on Billboards,Software Development,ดร.สิริอร วิทยากร,ผศ.ดร.กันต์พงษ์ วรรัตน์ปัญญา,1,ดร. พรสุรีย์ แจ่มศรี,ดร. สิริอร วิทยากร,ผศ. ดร. สมเกียรติ วังศิริพิทักษ์,รศ. ดร. จันทร์บูรณ์ สถิตวิริยวงศ์
14/12/2017,M03,09.40-10.20,แอปพลิเคชันเครือข่ายสังคมออนไลน์เพื่อการแบ่งปันข้อมูลการท่องเที่ยว,Social Network Application for Sharing Travel Experiences,Software Development,ผศ.ดร.สมเกียรติ วังศิริพิทักษ์,,1,ดร. พรสุรีย์ แจ่มศรี,ดร. สิริอร วิทยากร,ผศ. ดร. สมเกียรติ วังศิริพิทักษ์,รศ. ดร. จันทร์บูรณ์ สถิตวิริยวงศ์
14/12/2017,M03,10.20-11.00,ระบบยืนยันความถูกต้องของใบแสดงผลการศึกษา,Transcript Verification System,Software Development,ผศ.ดร.สมเกียรติ วังศิริพิทักษ์,,1,ดร. พรสุรีย์ แจ่มศรี,ดร. สิริอร วิทยากร,ผศ. ดร. สมเกียรติ วังศิริพิทักษ์,รศ. ดร. จันทร์บูรณ์ สถิตวิริยวงศ์
14/12/2017,M03,11.00-11.40,ระบบนำทางภายในอาคารด้วยความเป็นจริงเสริม,Augmented Reality Indoor Navigation System,Software Development,ผศ.ดร.สมเกียรติ วังศิริพิทักษ์,,1,ดร. พรสุรีย์ แจ่มศรี,ดร. สิริอร วิทยากร,ผศ. ดร. สมเกียรติ วังศิริพิทักษ์,รศ. ดร. จันทร์บูรณ์ สถิตวิริยวงศ์
----------,----------,----------,----------,----------,----------,----------,----------,----------,----------,----------,----------,----------
14/12/2017,M04,09.00-09.40,สิ่งแวดล้อมเพื่อการพัฒนาซอฟต์แวร์แบบทางไกลสำหรับการเขียนโปรแกรมแบบจับคู่ พร้อมด้วยการวิเคราะห์คุณภาพและการตรวจทานรหัสคำสั่ง,An Enhanced Remote Software Development Environment for Pair-Programming with Code Review and Quality Analysis,Software Development,ผศ.ดร.ธีรพงศ์ ลีลานุภาพ,,2,ผศ. ดร. ธีรพงศ์ ลีลานุภาพ,รศ. ดร. พรฤดี เนติโสภากุล,รศ. ดร. วรพจน์ กรีสุระเดช,อาจารย์วารุณี บัววิรัตน์
14/12/2017,M04,09.40-10.20,โมบายแอปพลิเคชันพร้อมการเพิ่มคำนิยามจากบริบทสำหรับเขียนเล่าประสบการณ์การท่องเที่ยวแบบร่วมกัน,A Mobile Application with Contextual Labeling for Co-Authoring Travel Experiences,Software Development,ผศ.ดร.ธีรพงศ์ ลีลานุภาพ,,2,ผศ. ดร. ธีรพงศ์ ลีลานุภาพ,รศ. ดร. พรฤดี เนติโสภากุล,รศ. ดร. วรพจน์ กรีสุระเดช,อาจารย์วารุณี บัววิรัตน์
14/12/2017,M04,10.20-11.00,แอปพลิเคชันเว็บและมือถือสำหรับติดตามและแจ้งเตือนเด็กที่ถูกลืมในรถตู้โรงเรียนอนุบาลโดยใช้เซ็นเซอร์ไอโอที,Web and Mobile Applications for Tracking and Notification of Forgotten Children in a Kindergarten Van Using Multiple IoT-Based Sensors,Software Development,ผศ.ดร.ธีรพงศ์ ลีลานุภาพ,อาจารย์อนันตพัฒน์ อนันตชัย,2,ผศ. ดร. ธีรพงศ์ ลีลานุภาพ,รศ. ดร. พรฤดี เนติโสภากุล,รศ. ดร. วรพจน์ กรีสุระเดช,อาจารย์วารุณี บัววิรัตน์
----------,----------,----------,----------,----------,----------,----------,----------,----------,----------,----------,----------,----------
14/12/2017,M23,09.00-09.40,บีโร่ : แอปพลิเคชันเพื่อการช่วยเหลือซึ่งกันและกันในสังคม,BERO (BE a heRO) : Social-based assistance application,Software Development,อาจารย์สุพัณณดา โชติพันธ์,,3,ผศ. ดร. บุญประเสริฐ สุรักษ์รัตนสกุล,ผศ. ดร. มานพ พันธ์โคกกรวด,ผศ. ดร. โอฬาร วงศ์วิรัตน์,อาจารย์สุพัณณดา โชติพันธ์
14/12/2017,M23,09.40-10.20,ระบบซื้อขายลิขสิทธิ์ผลงานการออกแบบตัวละคร,Trading System Copyright Character Design Works,Multimedia,ผศ.ดร.บุญประเสริฐ สุรักษ์รัตนสกุล,,3,ผศ. ดร. บุญประเสริฐ สุรักษ์รัตนสกุล,ผศ. ดร. มานพ พันธ์โคกกรวด,ผศ. ดร. โอฬาร วงศ์วิรัตน์,อาจารย์สุพัณณดา โชติพันธ์
14/12/2017,M23,10.20-11.00,ระบบจำลองฟิสิกส์เพื่อการศึกษา,Physic simulation for study,Multimedia,ผศ.ดร.บุญประเสริฐ สุรักษ์รัตนสกุล,,3,ผศ. ดร. บุญประเสริฐ สุรักษ์รัตนสกุล,ผศ. ดร. มานพ พันธ์โคกกรวด,ผศ. ดร. โอฬาร วงศ์วิรัตน์,อาจารย์สุพัณณดา โชติพันธ์
14/12/2017,M23,11.00-11.40,ระบบตัวแทนจำหน่ายสินค้าออนไลน์,Online Drop Shipping System,Software Development,อาจารย์สุพัณณดา โชติพันธ์,อาจารย์ศรีนวล นลินทิพยวงศ์,3,ผศ. ดร. บุญประเสริฐ สุรักษ์รัตนสกุล,ผศ. ดร. มานพ พันธ์โคกกรวด,ผศ. ดร. โอฬาร วงศ์วิรัตน์,อาจารย์สุพัณณดา โชติพันธ์
14/12/2017,M23,11.40-12.20,เว๊ปไซค์ประมูลสินค้าออนไลน์ ภายใน สจล.,Online Auction website for KMITL Commanity,Business Intelligence,อาจารย์สุพัณณดา โชติพันธ์,,3,ผศ. ดร. บุญประเสริฐ สุรักษ์รัตนสกุล,ผศ. ดร. มานพ พันธ์โคกกรวด,ผศ. ดร. โอฬาร วงศ์วิรัตน์,อาจารย์สุพัณณดา โชติพันธ์
----------,----------,----------,----------,----------,----------,----------,----------,----------,----------,----------,----------,----------
14/12/2017,M22,09.00-09.40,ระบบจัดการเครือข่ายและควบคุมการจราจรบนเครือข่ายโดยใช้สถาปัตยกรรมแบบเอสดีเอ็น,Network Management and Traffic Control System using SDN Architecture,Network and Communication,ผศ.ดร.สุเมธ ประภาวัต,,4,ดร. ลภัส ประดิษฐ์ทัศนีย์,ผศ. ดร. สุเมธ ประภาวัต,ผศ. อัครินทร์ คุณกิตติ,รศ. ดร. โชติพัชร์ ภรณวลัย
14/12/2017,M22,09.40-10.20,การศึกษาแนวทางการพัฒนาระบบควบคุมขบวนโรบอทคาร์แบบทำงานอิสระ,A Study on Autonomous Robot-Car Platoons System,Network and Communication,ผศ.ดร.สุเมธ ประภาวัต,,4,ดร. ลภัส ประดิษฐ์ทัศนีย์,ผศ. ดร. สุเมธ ประภาวัต,ผศ. อัครินทร์ คุณกิตติ,รศ. ดร. โชติพัชร์ ภรณวลัย
14/12/2017,M22,10.20-11.00,การศึกษาแนวทางการกระจายภาระงานสำหรับเกตเวย์ในเครือข่ายเฉพาะกิจเคลื่อนที่,A Study on Gateway Load Balancing in Mobile Ad-hoc Network,Network and Communication,ผศ.ดร.สุเมธ ประภาวัต,,4,ดร. ลภัส ประดิษฐ์ทัศนีย์,ผศ. ดร. สุเมธ ประภาวัต,ผศ. อัครินทร์ คุณกิตติ,รศ. ดร. โชติพัชร์ ภรณวลัย
14/12/2017,M22,11.00-11.40,เว็บแอพพลิเคชั่นเพื่อสมาคมกีฬาหมากล้อมแห่งประเทศไทย,Web Application for Go Association of Thailand,Software Development,รศ.ดร.โชติพัชร์ ภรณวลัย,,4,ดร. ลภัส ประดิษฐ์ทัศนีย์,ผศ. ดร. สุเมธ ประภาวัต,ผศ. อัครินทร์ คุณกิตติ,รศ. ดร. โชติพัชร์ ภรณวลัย
----------,----------,----------,----------,----------,----------,----------,----------,----------,----------,----------,----------,----------
14/12/2017,M21,09.00-09.40,การสอดส่องผู้ใช้สื่อสังคมออนไลน์และการวิเคราะห์อารมณ์ของผู้ให้บริโภคที่มีต่อผู้ให้บริการเครือข่ายโทรศัพท์บนทวิตเตอร์,Social Monitoring and Sentiment Analysis of Telecommunication Service Provider on Twitter,Data Science,ดร.บัณฑิต ฐานะโสภณ,,5,ดร. บัณฑิต ฐานะโสภณ,ผศ. ดร. กันต์พงษ์ วรรัตน์ปัญญา,ผศ. ดร. กิติ์สุชาต พสุภา,รศ. ดร. อาริต ธรรมโน
14/12/2017,M21,09.40-10.20,การวิเคราะห์ข้อมูลแบบเรียนรู้เพิ่มพูนสำหรับการจำแนกหมวดหมู่หนังสือ,Analytical Incremental Learning for Book Classification,Data Science,ผศ.ดร.กันต์พงษ์ วรรัตน์ปัญญา,,5,ดร. บัณฑิต ฐานะโสภณ,ผศ. ดร. กันต์พงษ์ วรรัตน์ปัญญา,ผศ. ดร. กิติ์สุชาต พสุภา,รศ. ดร. อาริต ธรรมโน
14/12/2017,M21,10.20-11.00,ระบบสกัดข้อมูลจากเอกสารแบบอัตโนมัติ,Automated Document Extraction System,Data Science,ผศ.ดร.กิติ์สุชาต พสุภา,,5,ดร. บัณฑิต ฐานะโสภณ,ผศ. ดร. กันต์พงษ์ วรรัตน์ปัญญา,ผศ. ดร. กิติ์สุชาต พสุภา,รศ. ดร. อาริต ธรรมโน
14/12/2017,M21,11.00-11.40,ระบบจัดตารางสอบวิชาโครงงาน,Project 1 and 2 exam schedule management system,Data Science,ดร.บัณฑิต ฐานะโสภณ,,5,ดร. บัณฑิต ฐานะโสภณ,ผศ. ดร. กันต์พงษ์ วรรัตน์ปัญญา,ผศ. ดร. กิติ์สุชาต พสุภา,รศ. ดร. อาริต ธรรมโน
14/12/2017,M21,11.40-12.20,การวิเคราะห์พฤติกรรมการมองของมนุษย์บนเว็บเบราว์เซอร์ในสมาร์ตโฟน,Human gaze behavior analysis on web browser in smartphone,Data Science,ผศ.ดร.กิติ์สุชาต พสุภา,,5,ดร. บัณฑิต ฐานะโสภณ,ผศ. ดร. กันต์พงษ์ วรรัตน์ปัญญา,ผศ. ดร. กิติ์สุชาต พสุภา,รศ. ดร. อาริต ธรรมโน
----------,----------,----------,----------,----------,----------,----------,----------,----------,----------,----------,----------,----------
14/12/2017,M03,13.30-14.10,การจัดเตรียมระบบสนับสนุนการทดลองด้านการประมวลผลแบบกลุ่มเมฆบนโอเพ่นสแต็ก,Cloud Computing Laboratory Environment on OpenStack,Network and Communication,ดร.ลภัส ประดิษฐ์ทัศนีย์,,6,ดร. ลภัส ประดิษฐ์ทัศนีย์,ผศ. ดร. มานพ พันธ์โคกกรวด,ผศ. ดร. สุเมธ ประภาวัต,ผศ. ดร. โอฬาร วงศ์วิรัตน์
14/12/2017,M03,14.10-14.50,การศึกษาเปรียบเทียบเชิงประสิทธิภาพระหว่าง Bare-metal network และ Virtualization network,The performance comparison between bare-metal network and virtualization network,Network and Communication,ผศ.อัครินทร์ คุณกิตติ,,6,ดร. ลภัส ประดิษฐ์ทัศนีย์,ผศ. ดร. มานพ พันธ์โคกกรวด,ผศ. ดร. สุเมธ ประภาวัต,ผศ. ดร. โอฬาร วงศ์วิรัตน์
14/12/2017,M03,14.50-15.30,การปรับปรุงระบบค้นหาเส้นทางบนเครือข่ายIOTเพื่อการตรวจสอบการทำงานของระบบปรับอากาศ,Improving routing process in IOT networks for maintaining Air Condition System,Network and Communication,ดร.ลภัส ประดิษฐ์ทัศนีย์,,6,ดร. ลภัส ประดิษฐ์ทัศนีย์,ผศ. ดร. มานพ พันธ์โคกกรวด,ผศ. ดร. สุเมธ ประภาวัต,ผศ. ดร. โอฬาร วงศ์วิรัตน์
----------,----------,----------,----------,----------,----------,----------,----------,----------,----------,----------,----------,----------
14/12/2017,M04,13.30-14.10,การพัฒนาเออาร์เพื่อประยุกต์ใช้ในการออกแบบจัดวางเครื่องเรือนภายในห้อง,AR development for room design,Multimedia,ดร.สิริอร วิทยากร,,7,ดร. สามารถ หมุดและ,ดร. สิริอร วิทยากร,ผศ. ดร. กันต์พงษ์ วรรัตน์ปัญญา,ผศ. ดร. กิติ์สุชาต พสุภา
14/12/2017,M04,14.10-14.50,การรู้จำป้ายจราจรเพื่อช่วยในการขับขี่,Traffic Sign Recognition for Driving Assistance,Software Development,ผศ.ดร.กันต์พงษ์ วรรัตน์ปัญญา,,7,ดร. สามารถ หมุดและ,ดร. สิริอร วิทยากร,ผศ. ดร. กันต์พงษ์ วรรัตน์ปัญญา,ผศ. ดร. กิติ์สุชาต พสุภา
14/12/2017,M04,14.50-15.30,ระบบปรับสีภาพตามผู้ใช้กำหนด,User-Guided Image Colorization,Multimedia,ดร.สิริอร วิทยากร,,7,ดร. สามารถ หมุดและ,ดร. สิริอร วิทยากร,ผศ. ดร. กันต์พงษ์ วรรัตน์ปัญญา,ผศ. ดร. กิติ์สุชาต พสุภา
14/12/2017,M04,15.30-16.10,การตรวจจับและรู้จำข้อความ,Text Detection and Recognition,Software Development,ผศ.ดร.กันต์พงษ์ วรรัตน์ปัญญา,,7,ดร. สามารถ หมุดและ,ดร. สิริอร วิทยากร,ผศ. ดร. กันต์พงษ์ วรรัตน์ปัญญา,ผศ. ดร. กิติ์สุชาต พสุภา
----------,----------,----------,----------,----------,----------,----------,----------,----------,----------,----------,----------,----------
14/12/2017,M23,13.30-14.10,ออดิไซส์ เกมดนตรีโต้ตอบแนวใหม่,Audicise – The new generation of interactive Music Games,Multimedia,ดร.สามารถ หมุดและ,รศ.ดร.นพพร โชติกกำธร,8,ดร. บัณฑิต ฐานะโสภณ,ดร. สุภวรรณ ทัศนประเสริฐ,ผศ. ดร. ภัทรชัย ลลิตโรจน์วงศ์,รศ. ดร. นพพร โชติกกำธร
14/12/2017,M23,14.10-14.50,การออกแบบและพัฒนาเกมสามมิติประเภทจำลองการสร้างเมืองในอวกาศ,Design and Development of a 3D Game on Simulating City Building in Space,Multimedia,รศ.ดร.นพพร โชติกกำธร,,8,ดร. บัณฑิต ฐานะโสภณ,ดร. สุภวรรณ ทัศนประเสริฐ,ผศ. ดร. ภัทรชัย ลลิตโรจน์วงศ์,รศ. ดร. นพพร โชติกกำธร
14/12/2017,M23,14.50-15.30,ระบบเพื่อการพัฒนาและจัดการแอพลิเคชั่นกระแสงานอัตโนมัติ,A System for Development and Management of Automated Workflow Applications,Software Development,รศ.ดร.นพพร โชติกกำธร,,8,ดร. บัณฑิต ฐานะโสภณ,ดร. สุภวรรณ ทัศนประเสริฐ,ผศ. ดร. ภัทรชัย ลลิตโรจน์วงศ์,รศ. ดร. นพพร โชติกกำธร
14/12/2017,M23,15.30-16.10,ระบบปฏิสัมพันธ์กับหน้าจอขนาดใหญ่ในที่สาธารณะด้วยวิธีการจำแนกการมอง,An Interactive Large Public Display System using Gaze Recognition Technique,Software Development,รศ.ดร.นพพร โชติกกำธร,,8,ดร. บัณฑิต ฐานะโสภณ,ดร. สุภวรรณ ทัศนประเสริฐ,ผศ. ดร. ภัทรชัย ลลิตโรจน์วงศ์,รศ. ดร. นพพร โชติกกำธร
----------,----------,----------,----------,----------,----------,----------,----------,----------,----------,----------,----------,----------
15/12/2017,M03,09.00-09.40,ระบบการลงคะแนนเสียงแบบอิเลคทรอนิกส์โดยใช้บล็อคเชนแบบส่วนตัว,Electronic Vote By Private Blockchain,Software Development,ผศ.ดร.ปานวิทย์ ธุวะนุติ,,9,ผศ. ดร. ธนิศา นุ่มนนท์,ผศ. ดร. ธีรพงศ์ ลีลานุภาพ,ผศ. ดร. ปานวิทย์ ธุวะนุติ,รศ. ดร. วรพจน์ กรีสุระเดช
15/12/2017,M03,09.40-10.20,ระบบสื่อประสมเพื่อการเรียนรู้และวิเคราะห์ผู้เรียน,MEDIA ONLINE LEARNING SYSTEM AND LEARNER DATA ANALYTICS,Software Development,รศ.ดร.นพพร โชติกกำธร,ผศ.ดร.ปานวิทย์ ธุวะนุติ,9,ผศ. ดร. ธนิศา นุ่มนนท์,ผศ. ดร. ธีรพงศ์ ลีลานุภาพ,ผศ. ดร. ปานวิทย์ ธุวะนุติ,รศ. ดร. วรพจน์ กรีสุระเดช
15/12/2017,M03,10.20-11.00,แอปพลิเคชันมือถือร่วมสร้างสรรค์ของกลุ่มคนสำหรับร้องขอความช่วยเหลือฉุกเฉิน,A Crowd-Based Mobile Application for Requesting Emergency Assistance,Software Development,ผศ.ดร.ธีรพงศ์ ลีลานุภาพ,,9,ผศ. ดร. ธนิศา นุ่มนนท์,ผศ. ดร. ธีรพงศ์ ลีลานุภาพ,ผศ. ดร. ปานวิทย์ ธุวะนุติ,รศ. ดร. วรพจน์ กรีสุระเดช
15/12/2017,M03,11.00-11.40,ออกแบบและพัฒนาสถาปัตยกรรมแบบกระจายศูนย์เพื่อจัดการควบคุมการเข้าถึงข้อมูลสุขภาพสำหรับเครือโรงพยาบาลโดยใช้บล็อคเชนส่วนบุคคล,Design and Implement a Decentralized Architecture of Access Control Manager to Health Records for a Hospital Group Using Private Blockchain,Software Development,ผศ.ดร.ธีรพงศ์ ลีลานุภาพ,,9,ผศ. ดร. ธนิศา นุ่มนนท์,ผศ. ดร. ธีรพงศ์ ลีลานุภาพ,ผศ. ดร. ปานวิทย์ ธุวะนุติ,รศ. ดร. วรพจน์ กรีสุระเดช
15/12/2017,M03,11.40-12.20,ระบบการสร้างสรรค์เพลงร่วมกันสำหรับผู้เริ่มต้น,Collaborative Music Creation System for Beginners,Software Development,ผศ.ดร.ธนิศา นุ่มนนท์,,9,ผศ. ดร. ธนิศา นุ่มนนท์,ผศ. ดร. ธีรพงศ์ ลีลานุภาพ,ผศ. ดร. ปานวิทย์ ธุวะนุติ,รศ. ดร. วรพจน์ กรีสุระเดช
----------,----------,----------,----------,----------,----------,----------,----------,----------,----------,----------,----------,----------
15/12/2017,M04,09.00-09.40,การสร้างแบบจำลองและการประเมินศักยภาพของสตาร์ทอัพในประเทศไทยใช้เครือข่ายประสาทเทียมและสมการโครงสร้าง,Modelling and Evaluating the Potential of Startup in Thailand Using Struotural Equation Model and Artificial Nerual Network,Business Intelligence,อาจารย์ศรีนวล นลินทิพยวงศ์,อาจารย์สุพัณณดา โชติพันธ์,10,รศ. ดร. พรฤดี เนติโสภากุล,อาจารย์ศรีนวล นลินทิพยวงศ์,อาจารย์อนันตพัฒน์ อนันตชัย,อาจารย์วารุณี บัววิรัตน์
15/12/2017,M04,09.40-10.20,การทำนายการสำเร็จการศึกษาจากข้อมูลการลงทะเบียนนักศึกษา,Prediction of Graduation Success from Student Registration Data,Business Intelligence,ผศ.ดร.กนกวรรณ อัจฉริยะชาญวณิช,,10,รศ. ดร. พรฤดี เนติโสภากุล,อาจารย์ศรีนวล นลินทิพยวงศ์,อาจารย์อนันตพัฒน์ อนันตชัย,อาจารย์วารุณี บัววิรัตน์
15/12/2017,M04,10.20-11.00,การศึกษาพฤติกรรมการซื้อขายสินค้าบนโซเชียลเน็ตเวิร์คเพื่อสร้างระบบป้องกันการโกง,A study of behavior to buy on social network: to create a prevent of cheating system,Business Intelligence,อาจารย์อนันตพัฒน์ อนันตชัย,,10,รศ. ดร. พรฤดี เนติโสภากุล,อาจารย์ศรีนวล นลินทิพยวงศ์,อาจารย์อนันตพัฒน์ อนันตชัย,อาจารย์วารุณี บัววิรัตน์
15/12/2017,M04,11.00-11.40,การวิเคราะห์เนื้อเพลงเพื่อหารูปแบบของเพลงที่ประสบความสำเร็จโดยใช้เทคนิคเหมืองข้อความ,Analysis of lyrics to determine the pattern of successful songs by using text mining technique.,Business Intelligence,รศ.ดร.พรฤดี เนติโสภากุล,ดร.บัณฑิต ฐานะโสภณ,10,รศ. ดร. พรฤดี เนติโสภากุล,อาจารย์ศรีนวล นลินทิพยวงศ์,อาจารย์อนันตพัฒน์ อนันตชัย,อาจารย์วารุณี บัววิรัตน์
----------,----------,----------,----------,----------,----------,----------,----------,----------,----------,----------,----------,----------
15/12/2017,M23,13.30-14.10,ระบบตรวจสอบการทำงานเครื่องกรองน้ำ และส่งข้อมูลผ่านเครือข่ายโทรศัพท์มือถือ,Water purifier inspection system and indication via mobile network,Embedded Systems,ผศ.ดร.สุภกิจ นุตยะสกุล,ผศ.ดร.กนกวรรณ อัจฉริยะชาญวณิช,11,ดร. สามารถ หมุดและ,ผศ. ดร. บุญประเสริฐ สุรักษ์รัตนสกุล,ผศ. ดร. สุภกิจ นุตยะสกุล,อาจารย์อนันตพัฒน์ อนันตชัย
15/12/2017,M23,14.10-14.50,อุปกรณ์ไอโอทีสำหรับการติดตามและตรวจตราทางไกลเด็กที่ถูกลืมในรถตู้โรงเรียนอนุบาลโดยใช้คลาวด์เซอร์วิส,The IoT Devices for Remote Tracking and Monitoring of Forgotten Children in a Kindergarten Van Using Cloud Services,Embedded Systems,ผศ.ดร.ธีรพงศ์ ลีลานุภาพ,อาจารย์อนันตพัฒน์ อนันตชัย,11,ดร. สามารถ หมุดและ,ผศ. ดร. บุญประเสริฐ สุรักษ์รัตนสกุล,ผศ. ดร. สุภกิจ นุตยะสกุล,อาจารย์อนันตพัฒน์ อนันตชัย
15/12/2017,M23,14.50-15.30,แอปพลิเคชันบนมือถือเพื่อการปรับท่าทางการเคลื่อนไหวที่เหมาะสมสำหรับนักวิ่ง,Mobile Application for Adjusting Suitable Runner’s Motion,Embedded Systems,อาจารย์อนันตพัฒน์ อนันตชัย,,11,ดร. สามารถ หมุดและ,ผศ. ดร. บุญประเสริฐ สุรักษ์รัตนสกุล,ผศ. ดร. สุภกิจ นุตยะสกุล,อาจารย์อนันตพัฒน์ อนันตชัย
15/12/2017,M23,15.30-16.10,ระบบจัดการศูนย์ข้อมูลข่าวสารทางราชการตาม พรบ.ข้อมูลข่าวสาร พ.ศ.2540,Government's Data Center Managing System Followed the information Statue B.E.2540,Multimedia,ผศ.ดร.สุภกิจ นุตยะสกุล,,11,ดร. สามารถ หมุดและ,ผศ. ดร. บุญประเสริฐ สุรักษ์รัตนสกุล,ผศ. ดร. สุภกิจ นุตยะสกุล,อาจารย์อนันตพัฒน์ อนันตชัย
----------,----------,----------,----------,----------,----------,----------,----------,----------,----------,----------,----------,----------
15/12/2017,M03,13.30-14.10,ผู้ช่วยส่วนตัวอิจฉริยะในการจัดการกิจกรรมของอาจารย์,Chatbot for Professor Activity Management,Software Development,ดร.บัณฑิต ฐานะโสภณ,รศ.ดร.พรฤดี เนติโสภากุล,12,ดร. บัณฑิต ฐานะโสภณ,ผศ. ดร. ธนิศา นุ่มนนท์,ผศ. ดร. ปานวิทย์ ธุวะนุติ,อาจารย์สุพัณณดา โชติพันธ์
15/12/2017,M03,14.10-14.50,ระบบบันทึกการเข้าเรียนและการประเมินการสอน,Student Attendance Record and Teaching Evaluation System,Software Development,ผศ.ดร.ธนิศา นุ่มนนท์,อาจารย์ศรีนวล นลินทิพยวงศ์,12,ดร. บัณฑิต ฐานะโสภณ,ผศ. ดร. ธนิศา นุ่มนนท์,ผศ. ดร. ปานวิทย์ ธุวะนุติ,อาจารย์สุพัณณดา โชติพันธ์
15/12/2017,M03,14.50-15.30,ระบบสั่งอาหารแบบออนไลน์สำหรับร้านอาหาร,Online Food Ordering System for Restanrants,Data Science,ผศ.ดร.ธนิศา นุ่มนนท์,,12,ดร. บัณฑิต ฐานะโสภณ,ผศ. ดร. ธนิศา นุ่มนนท์,ผศ. ดร. ปานวิทย์ ธุวะนุติ,อาจารย์สุพัณณดา โชติพันธ์
15/12/2017,M03,15.30-16.10,ระบบจัดการค่ายและการจัดการงานต่างๆ,Camp and Event Management System,Data Science,ผศ.ดร.ธนิศา นุ่มนนท์,,12,ดร. บัณฑิต ฐานะโสภณ,ผศ. ดร. ธนิศา นุ่มนนท์,ผศ. ดร. ปานวิทย์ ธุวะนุติ,อาจารย์สุพัณณดา โชติพันธ์
15/12/2017,M03,16.10-16.50,ออกแบบและพัฒนาระบบประกันการเดินทางโดยเครื่องบินโดยสาร ในรูปแบบของสัญญาอัจฉริยะ โดยใช้เทคโนโลยีบล๊อคเชนส่วนบุคคล,Design and Development Airplane traveling insurance system in the form of Smart Contract by using Private Blockchain,Software Development,ผศ.ดร.ปานวิทย์ ธุวะนุติ,,12,ดร. บัณฑิต ฐานะโสภณ,ผศ. ดร. ธนิศา นุ่มนนท์,ผศ. ดร. ปานวิทย์ ธุวะนุติ,อาจารย์สุพัณณดา โชติพันธ์
----------,----------,----------,----------,----------,----------,----------,----------,----------,----------,----------,----------,----------
15/12/2017,M04,13.30-14.10,เว็บแอพพลิเคชั่นสนับสนุนการปรับแต่งสีภาพ,Web application for editing color,Multimedia,ดร.สุภวรรณ ทัศนประเสริฐ,,13,ดร. นล เปรมัษเฐียร,ดร. พรสุรีย์ แจ่มศรี,ดร. สุภวรรณ ทัศนประเสริฐ,อาจารย์ศรีนวล นลินทิพยวงศ์
15/12/2017,M04,14.10-14.50,เกมส์โต้ตอบแบบปฏิสัมพันธ์บนกำแพงด้วยคิเนคต์,Interactive Wall Games Using Kinect,Multimedia,ดร.สุภวรรณ ทัศนประเสริฐ,,13,ดร. นล เปรมัษเฐียร,ดร. พรสุรีย์ แจ่มศรี,ดร. สุภวรรณ ทัศนประเสริฐ,อาจารย์ศรีนวล นลินทิพยวงศ์
15/12/2017,M04,14.50-15.30,ระบบวิเคราะห์วงสวิงกอล์ฟ,Golf Swing Analysis System,Multimedia,ดร.สุภวรรณ ทัศนประเสริฐ,,13,ดร. นล เปรมัษเฐียร,ดร. พรสุรีย์ แจ่มศรี,ดร. สุภวรรณ ทัศนประเสริฐ,อาจารย์ศรีนวล นลินทิพยวงศ์
15/12/2017,M04,15.30-16.10,เว็ปแอพพลิเคชั่นสำหรับการค้นหาผู้ร่วมเล่นกอล์ฟ,Web Application for Golf playing Partner Finder,Multimedia,ดร.สุภวรรณ ทัศนประเสริฐ,,13,ดร. นล เปรมัษเฐียร,ดร. พรสุรีย์ แจ่มศรี,ดร. สุภวรรณ ทัศนประเสริฐ,อาจารย์ศรีนวล นลินทิพยวงศ์
----------,----------,----------,----------,----------,----------,----------,----------,----------,----------,----------,----------,----------
----------,----------,----------,----------,----------,----------,----------,----------,----------,----------,----------,----------,----------
----------,----------,----------,----------,----------,----------,----------,----------,----------,----------,----------,----------,----------
----------,----------,----------,----------,----------,----------,----------,----------,----------,----------,----------,----------,----------
ลำดับ,ชื่อโปรเจคภาษาไทย,ชื่อโปรเจคภาษาอังกฤษ,แขนง,อาจารย์ที่ปรึกษา,อาจารย์ที่ปรึกษา(ร่วม)
----------,----------,----------,----------,----------,----------,----------,----------,----------,----------,----------,----------,----------
----------,----------,----------,----------,----------,----------,----------,----------,----------,----------,----------,----------,----------
----------,----------,----------,----------,----------,----------,----------,----------,----------,----------,----------,----------,----------
----------,----------,----------,----------,----------,----------,----------,----------,----------,----------,----------,----------,----------
ลำดับ,รายชื่ออาจารย์
1,ผศ. ดร. กนกวรรณ อัจฉริยะชาญวณิช
2,ดร. นล เปรมัษเฐียร
3,ดร. บัณฑิต ฐานะโสภณ
4,ดร. พรสุรีย์ แจ่มศรี
5,ดร. ลภัส ประดิษฐ์ทัศนีย์
6,ดร. สามารถ หมุดและ
7,ดร. สิริอร วิทยากร
8,ดร. สุภวรรณ ทัศนประเสริฐ
9,ผศ. ดร. กันต์พงษ์ วรรัตน์ปัญญา
10,ผศ. ดร. กิติ์สุชาต พสุภา
11,ผศ. ดร. ธนิศา นุ่มนนท์
12,ผศ. ดร. ธีรพงศ์ ลีลานุภาพ
13,ผศ. ดร. บุญประเสริฐ สุรักษ์รัตนสกุล
14,ผศ. ดร. ปานวิทย์ ธุวะนุติ
15,ผศ. ดร. ภัทรชัย ลลิตโรจน์วงศ์
16,ผศ. ดร. มานพ พันธ์โคกกรวด
17,ผศ. ดร. สมเกียรติ วังศิริพิทักษ์
18,ผศ. ดร. สุภกิจ นุตยะสกุล
19,ผศ. ดร. สุเมธ ประภาวัต
20,ผศ. ดร. โอฬาร วงศ์วิรัตน์
21,ผศ. อัครินทร์ คุณกิตติ
22,รศ. ดร. จันทร์บูรณ์ สถิตวิริยวงศ์
23,รศ. ดร. โชติพัชร์ ภรณวลัย
24,รศ. ดร. นพพร โชติกกำธร
25,รศ. ดร. พรฤดี เนติโสภากุล
26,รศ. ดร. วรพจน์ กรีสุระเดช
27,รศ. ดร. สุขสันต์ พาณิชพาพิบูล
28,รศ. ดร. อาริต ธรรมโน
29,อาจารย์ศรีนวล นลินทิพยวงศ์
30,อาจารย์สุพัณณดา โชติพันธ์
31,อาจารย์อนันตพัฒน์ อนันตชัย
32,อาจารย์วารุณี บัววิรัตน์
